"DMA","GT.MVT","GT.Burglary","GT.Larceny","GT.Rape","UCR.Rape","UCR.Burglary","UCR.Larceny","UCR.MVT","UCR.Homicide","UCR.Assault","UCR.Robbery","DMA.INDEX","Percentage.of.Foreign.Born","Percentage.of.MoveIn","Percentage.of.Renter","Mobility.Index","Concentrated.Disadvantage.Index","Percentage.of.Unemployed","Percentage.of.Female.Headed.Households","Percentage.of.Poverty","Heterogeneity.Index","Percentage.of.Young.Males","Percentage.of.Dropped.Out","Percentage.of.Divorced","Population.logged","Less.than.High.School","Percentage.of.White","Percentage.of.Black","Percentage.of.Hispanic","Percentage.of.Indigenous","Population","Drug.Mortality.Rate","Law.Enforce.per.Thousand","Internet.Usage.HH","Median.Vehicle.HH"
"Albany-Schenectady-Troy NY",41.157,70.269,39.277,56.308,0.000338726272739253,0.00340486945088557,0.014599495120432,0.000631945937065715,0.0108619940318625,0.000512355653647578,0.0000205863228534052,770,6.35989121850265,12.441703609332,28.033646169012,-1.81386569347392,-3.01238547844553,3.316408884687,7.01376836124798,4.76868544121624,0.286045589054205,7.16858249695908,4.49359539490743,8.89160474326529,14.1431842002291,6.36976341321404,84.1367882652032,5.48951673805392,4.6939043160947,0.158927922890233,1387736,116.752035206184,5.81955069263895,81.3265953387223,2.01111111111111
"Albuquerque-Santa Fe NM",75.449,54.216,71.946,56.124,0.000661904821998713,0.00854518704542682,0.0223045834858217,0.00412423282559954,0.0138493120144033,0.00113493435637275,0.0000763493645966103,1470,8.37150635051231,13.2308847646867,29.2104371221318,-1.26690462929807,1.7718130454092,3.6681594045246,9.10812990998929,9.25222366245027,0.640140296934372,6.816766099258,7.31308102068519,10.6715637513709,14.4581743792086,9.57240173028223,40.5511429028953,1.6571572665201,42.458623657305,12.1169452435776,1901539.5,242.123802604095,5.28545423326731,80.8536524778584,2.18222222222222
"Atlanta GA",68.869,61.348,57.257,59.59,0.000221702953592266,0.00639043279595453,0.0196846254217785,0.00290780847951189,0.0112961199416113,0.00117836127235795,0.0000584143628650373,477,12.6784885237671,15.2849985044603,33.8338500897249,0.439113284233913,1.25193848150761,3.98113723439983,9.56033408073012,7.3890222209143,0.625533774448708,6.98529054909977,4.80696036210405,8.70937235265947,15.7171073569472,8.04902025347569,52.0962195771901,29.8576108786292,10.733779143052,0.172998780422063,6696579,128.979677003819,4.05438358899372,83.1741958248522,2.23165618448637
"Austin TX",52.403,63.594,56.065,45.056,0.000423732076603238,0.00465713158470742,0.0213329659634339,0.00158007796878083,0.0122468916589978,0.000601794981800875,0.0000273070732831611,648,14.400437520285,18.9659720576784,36.3027840101598,2.44382226421333,-3.04841874915112,2.95768988535819,6.9972485478447,5.31245876844358,0.598337772510235,7.01238368946235,3.98732294963358,8.7340599272778,14.568280917888,7.33960533672999,54.4890344358801,6.71992625088736,31.2524112370358,0.201001190367959,2122873,108.42579925716,3.87564399754484,83.8420998182086,2.23425925925926
"Bakersfield CA",96.077,78.784,99.233,75.75,0.000288963275304029,0.00984590582012352,0.0180901642948382,0.00626138782781244,0.0104287056494259,0.00134779382797038,0.0000810736364593903,130,20.1754240215977,16.079733191396,41.8248613045593,2.2214936810191,9.55963350834445,4.95596638193255,11.6988214439253,13.6311382734333,0.59870277168831,8.2368161267719,4.2515550453104,7.24441966779556,13.6793305179108,15.8295858015287,35.6740200221042,5.23235461113998,51.8940672212384,0.561427914179851,872685.5,213.783369622975,7.31936075481946,82.7710617563574,2.17777777777778
"Baltimore MD",59.394,61.103,51.641,52.2,0.000285901496328763,0.00537911647731169,0.0192767529173718,0.00260810740672115,0.0152193383839348,0.00228795151594688,0.000115167375240722,264,9.55526668076406,12.7978291143666,29.8623145610587,-1.33223131423089,-1.50095352344347,3.5275880574331,8.75841564255035,4.65626665852998,0.5676154079543,6.64110040514549,3.80857590392899,8.27214588944558,14.9032143985982,6.8742465127917,59.3239655900137,27.4073637235979,5.36906656467121,0.198351953401108,2967452.5,310.509339800609,6.38190501785623,82.7366913373092,2.17878787878788
"Baton Rouge LA",51.845,65.539,54.335,55.169,0.000248493163880602,0.00792610077569933,0.0249956204678235,0.00152516408860337,0.0159495955272935,0.00133399910747052,0.000119558031678403,1235,3.70600346594088,13.4114528159412,28.6945680340292,-1.28382986691434,1.83132518963996,3.56573607783699,10.6160354600658,8.12631460113368,0.548613901873661,7.68374104315042,5.38753971856559,9.2340161997425,13.7325473397485,9.06913954486438,56.9377488768287,35.4085518560168,3.83622071198466,0.258044188030009,920385,170.638221295798,6.45436420628324,81.9635737170807,2.07008547008547
"Birmingham AL",57.628,78.724,53.078,68.258,0.000346574098911307,0.00757859295778556,0.0195141778511296,0.00210640094400082,0.0178904012928477,0.000991676566078076,0.0000699808002071939,800,3.38765784565411,14.3328012576367,27.9930187983841,-1.02082555634123,1.90825112942765,3.7578964347031,9.39206789637894,8.59877400034249,0.477137138002165,6.79625504451074,4.552779416796,10.0858061743988,14.447646057435,9.77301794274043,67.4048674429994,25.8571781989446,3.90728862214539,0.239659932149055,1881624.5,183.431564095871,4.18229035601949,81.2799398719521,2.19
"Boise ID",35.648,59.284,41.654,47.359,0.00044078821238872,0.00322655488165529,0.0127617210913204,0.000983306289835184,0.00855495013444288,0.000137823571736798,0.0000200245906918039,1612,6.69691700407428,17.0858771117062,29.3319963953444,0.38668666929775,-2.80663741954477,3.19189714039118,6.5562075950158,6.50847622370218,0.33887732990064,6.91027707616739,4.1936273652548,9.79355731275464,13.5770883806109,6.3663421630472,80.0549583053042,0.879079035881554,14.0704684783023,0.581631487428129,787870,130.17610324687,4.65051340957265,82.2478146505382,2.31623931623932
"Boston MA-Manchester NH",41.589,33.69,41.706,47.327,0.000277974468157414,0.00307969305359667,0.0122999614524549,0.00107965521814051,0.00958060680431255,0.000703027395773633,0.0000214390731034496,96,15.5928141825361,13.0047378747248,31.1206294604991,-1.0169601739108,-3.25069252785602,3.43760594737299,6.8433910240613,4.24445552619625,0.415357704868044,6.88556949352107,2.53350424709565,7.94858500207458,15.6928763063831,6.00079800938273,75.3602440170715,6.10549849271694,9.49209670845608,0.134013864801055,6536264,213.014061850436,4.12139105764394,82.5041310204192,2.075
"Buffalo NY",40.18,60.667,45.497,61.961,0.000305350429826808,0.00441777855625245,0.0158870858486687,0.00107013527223617,0.011817977333395,0.000997231536395165,0.0000389172116445932,440,5.07104709469394,11.7076420148133,27.5101782142362,-2.21927562851085,-1.80148446973153,3.24137339169126,7.99328962157542,6.4397275087492,0.32223271726509,6.97663891175863,4.16789217806536,8.95591688176799,14.2795775376259,6.68387477252072,81.6624275123473,9.15097770899565,4.46093580785518,0.636077482373008,1590529.5,168.98832186011,6.91153480649054,80.4131430901158,1.98111111111111
"Cedar Rapids-Waterloo-Iowa City & Dubuque IA",37.808,80.195,42.06,59.202,0.000322227077867047,0.00402872310498631,0.0121855797964286,0.000935276810089047,0.00729832167683698,0.000285072548641471,0.0000172503171404459,1848,4.36618617914762,15.3647184878874,24.3328143398459,-1.24640805332415,-6.1133025524588,2.34306027579202,5.90430354058602,4.3847708502563,0.216881548165484,7.90281986461525,3.24651382651855,8.00767887138448,13.7056566286941,4.65118615124475,88.3121550506995,4.0796794517643,3.35001925298421,0.306540992114647,895965,97.3927556406283,2.84720943340421,81.5865968099059,2.31587301587302
"Champaign & Springfield-Decatur IL",38.86,63.872,44.038,67.302,0.000552620327593578,0.00604799603751984,0.0161458859733851,0.00108082687807894,0.0031359289799086,0.000754033988736352,0.0000543103092449698,1640,4.32748611324405,16.5603678201267,28.4689727509306,0.00810043901100188,-1.85612383672903,3.50357864077467,7.63588348953164,6.35032906837317,0.313074357896746,8.24043284263487,4.69437105754585,9.79166470784271,13.7717749479859,6.0031947112798,82.2619872190655,9.07651114126829,3.30372636221841,0.151952503481483,957207,146.664228942584,4.51469744788745,80.9780379844284,2.15722222222222
"Charleston-Huntington WV",44.79,57.863,55.631,87.002,0.000295833988248576,0.00474256567147297,0.0130418311707665,0.00131219715780658,0.00854335914311461,0.000343575473248691,0.000042600094307795,2074,1.13268641634458,12.3751308280321,25.6269377843675,-2.27754857487316,1.62352562677142,3.39448701245643,7.43409417629355,10.4701575120745,0.114608769318335,6.72278499775606,4.05864318842858,11.2624407244824,14.0124945111909,11.6736995929703,94.060191775726,2.27576106089678,0.975631187514089,0.168223600658441,1217724.5,397.766155576788,3.96805681416445,79.8970726839708,2.07941176470588
"Charleston SC",54.47,61.053,48.903,55.353,0.000359161693835529,0.00583640627616372,0.0215164650852972,0.00263408243215145,0.019972863338688,0.000815962925956798,0.0000838388968319247,630,4.77396840987615,15.6148730204295,31.1990228527489,0.101944232349622,0.0984506269748063,3.59126977264841,9.09248094642248,7.23406514238046,0.527392429118632,6.78861409024202,4.27714295739231,8.86205461464591,13.6732820260568,7.62903450796209,62.3401154915191,28.4914626427937,5.06909547014548,0.300430124633541,867423,154.839584530654,4.88458341547319,81.8131059612292,2.09444444444444
"Charlotte NC",58.311,42.65,50.926,56.659,0.000220956517884846,0.00654102844985341,0.0196158351643481,0.00166580128793683,0.0128241529314177,0.000938661533493323,0.0000512261994465797,616,8.40928079639326,14.7090327491579,31.1829925528668,-0.284346144989632,1.45571999995518,4.20265563924005,8.67959119280927,7.29609033154396,0.518228974166097,6.69657671950783,4.4513292143077,8.47414271909437,14.9625945473993,9.01764911176479,65.8659090497705,19.8088788271313,8.82480993154328,0.342283590616314,3148997,166.862738888499,4.02699653254671,82.3849969657921,2.22121212121212
"Chattanooga TN",53.751,64.312,52.346,70.13,0.000284110955177307,0.00648947054811168,0.0214980556187131,0.00265039554046744,0.0146860569045136,0.000608501179957192,0.0000458654456788478,1530,5.25697967975732,13.3583486900286,29.3947403524547,-1.17960591308854,1.54294596160252,3.6900039029885,7.56900112352159,8.27291126243323,0.343428050783574,6.46794361910785,4.64290538584744,10.6574312407057,13.8274835942441,12.1986176504009,80.1833416498278,8.8210998522793,7.55687741157755,0.268219298548978,1012045,195.434398956019,3.87729794623757,80.777979074515,2.23148148148148
"Chicago IL",58.05,55.547,52.994,53.963,0.000279504263512972,0.00387506270843015,0.0163487916083188,0.00203308091631922,0.00282447662537785,0.00156720264865883,0.0000747456219235006,48,17.4121851400323,12.415099412279,31.3796601879,-1.21964694487405,0.688798495984373,4.36815880918734,8.06973070541153,6.32349801708548,0.630840464207962,6.8354950403643,3.5375044082246,7.2987460208379,16.0853896946184,8.18951314553248,54.1050993719823,16.4330495934639,21.3663323390401,0.103267838926349,9678231,144.70159552536,4.38747535577524,82.4824122523533,2.18958333333333
"Cincinnati OH",51.077,59.82,45.741,57.518,0.000356303485785203,0.00562375989409229,0.0186700449761977,0.00130992339495836,0.00901926187533168,0.000976644769913273,0.0000432651264087713,768,4.22835376644051,14.5484513827745,29.0610443092333,-0.736288565154315,-1.34393901123503,3.37887053699362,8.33116884182115,6.34922370853677,0.322865450889416,6.84900751714396,3.50342130987292,9.2397477750495,14.6744562468196,6.85345540599588,81.4483427483844,11.1650694156597,2.85414673500601,0.118906895307922,2360670.5,345.518731237869,3.37488861745,82.1099455221897,2.23333333333333
"Cleveland-Akron (Canton) OH",47.764,56.427,44.603,58.482,0.000344839187188804,0.00550024326366676,0.0136301667650073,0.00169477138391147,0.0128126196908999,0.00119413993354244,0.0000448485036696583,255,4.49084212335871,13.0113145614236,29.1658763612195,-1.36789945525269,-0.151417565992059,3.90636879074645,8.3334994979684,6.65833485025565,0.37440956397291,6.61790024856086,5.43639744586232,9.85128149661122,15.1577574156987,7.3055443650046,77.710251293619,14.0764634236189,3.94153411742084,0.145390076480667,3827634,233.930829804986,3.64376531298447,80.7890747045836,2.11960784313725
"Colorado Springs-Pueblo CO",77.534,57.406,62.069,59.236,0.000714451809191531,0.00623186018746761,0.021101349693556,0.00335668277646933,0.00808219731876886,0.000741024040010956,0.0000470442218787477,1034,6.04809986729496,20.1829003632255,32.3797191803439,2.24897825622444,-1.84087971593671,3.71117235249284,7.58790938124415,6.34848811915713,0.49778730611853,7.82944182887903,4.53771979580261,9.99109069424052,13.7778481500225,5.19283766580343,67.3074167374496,4.73081020686619,21.5597930715091,0.479679929556258,963038,206.371551855229,6.88602111235486,81.9493933464792,2.21212121212121
"Columbia SC",57.131,85.763,53.777,60.889,0.000418907385290728,0.00808080274209831,0.0245121419353357,0.00349724333971885,0.0193068281083666,0.00099719458717347,0.000075908168794252,924,4.42003555197185,15.6761288667351,30.1913667350828,-0.054470375253244,2.9991476816597,4.24612410203782,10.8621406132065,8.34517609059376,0.570657726345132,7.98274629819675,3.86854250409409,8.34651260812198,13.9029351828885,8.50131945462542,53.4206861164052,37.5862685090163,4.90827957777452,0.229438498753848,1091360,132.312779592842,5.8720312270928,81.6006780699062,2.12626262626263
"Columbus OH",52.722,56.242,53.508,60.347,0.000515760708543334,0.00717709606879439,0.0208616019147071,0.0019711682470997,0.0141579757245747,0.00121645212694354,0.0000503578667951308,680,6.47790433222062,16.3780056964873,33.3301697569615,0.810576194804591,-1.26757331491118,3.26706563259399,8.64961513045606,6.74869239443933,0.380324464422223,6.86358050567343,3.80867201746948,9.59344627232653,14.7071898989495,6.66175389903955,77.5423111257788,12.70677439225,3.50722412572039,0.137379841322389,2439222.5,214.136984380838,4.23413608229672,82.3865714340476,2.23055555555556
"Dallas-Ft. Worth TX",60.54,62.842,58.268,58.304,0.000382225831615803,0.00588894404146448,0.018363657906583,0.00267476810477164,0.0108934820802099,0.00109853059407836,0.0000460233511026813,224,17.1063542585761,15.8722748216148,35.1262941209472,0.921547779434939,0.0827130822728748,3.09990083424515,9.15630414892536,7.0854718996151,0.652497460408086,6.92147675502658,4.6734843296096,8.53653289686278,15.849796902221,9.83223293738957,49.8434834053962,14.5235198598942,27.3140779409093,0.305546390493374,7646793,101.935045712947,3.91458223074693,83.5265621844156,2.21388888888889
"Davenport IA-Rock Island-Moline IL",55.849,68.936,47.19,53.5,0.000424948936961857,0.00489654426146344,0.0162896230624067,0.00116133748120729,0.00642051690183654,0.000413184302564677,0.0000217193250409467,1564,4.12488007362011,11.7651857798315,24.7021583485077,-2.70304659407137,-2.64599194503643,2.95113530306294,7.56817282570215,6.01849552829835,0.293033906666643,6.37068509780119,4.08017635740408,9.89811968489548,13.5490614619205,6.83799006650611,83.5461659454767,5.08416058060684,7.85685848360843,0.206110208263988,766095,121.993128643605,3.85722397352809,80.6946712400884,2.20915032679739
"Dayton OH",55.221,57.765,46.626,61.978,0.000397491630420874,0.00657459671629339,0.017928536810473,0.00153136843712097,0.012111767370094,0.000869837088810003,0.0000471416558765944,638,3.20227297082673,16.0456337048475,31.1493646916216,0.27527432378873,-0.138225381479576,3.74998577037986,8.64321034356318,7.1176818313308,0.313100648662847,6.75920695677297,3.65373480023162,10.3296051074327,14.0574770411435,7.09867662569975,82.0908552413873,11.0374354809396,2.39563996588031,0.163336412165167,1273751.5,348.531220791933,3.28714038805842,80.9067274046315,2.18383838383838
"Denver CO",65.84,43.94,53.803,47.34,0.000530722664789878,0.00388378253885489,0.0178461283059102,0.00285093328906358,0.00823623214498657,0.000607041229327466,0.0000328048241563221,1062,10.771483872976,18.1584008662831,32.5615484055967,1.42502807451175,-4.03208496258165,3.07477917279584,6.26380137956378,4.54447600309292,0.479514525151256,6.87107577477582,4.35616331779604,9.42921196440354,15.2602261740933,6.13578685888895,68.7411304787054,3.86329111177872,21.312849504533,0.451593931679277,4240646,161.435684180665,4.08404757199729,83.1279179354434,2.29284369114878
"Des Moines-Ames IA",43.099,76.656,42.274,60.035,0.000310239926380576,0.00456250975182018,0.0136642374496564,0.00148574013306288,0.00861935353376524,0.000298031210327085,0.0000215600730306345,2520,6.13090935092953,16.6447644369412,25.9020826448011,-0.420671580072552,-5.04126295836214,2.55009099526232,6.62606262966734,4.66304810255053,0.260522068393867,7.42755913820031,3.07790360565526,8.76597867214063,13.9524537487806,5.1632290194225,85.6660443352288,3.31925602761861,6.02984226034499,0.169520642015831,1146763,113.362282283068,3.21382883821679,82.0224485508318,2.29238095238095
"Detroit MI",62.451,30.162,48.834,62.137,0.000478059733539632,0.00513012500413176,0.0137943584513527,0.0034379187300965,0.0144450991299363,0.00119201976647315,0.0000855345304218127,90,9.34744674807474,13.3961033953755,27.7590945775113,-1.4596052071263,1.102347408589,4.60446140752053,8.30557605380264,7.1733956468319,0.48871458345199,6.89235583653167,4.31832014026813,9.10545454844956,15.3958412351851,6.99251929580218,68.1880688631247,20.6747098744657,4.2539150384485,0.248962151513988,4856561.5,219.769911341205,3.23006308063843,81.5903348245518,2.12098765432099
"El Paso TX",55.645,65.023,58.4,56.549,0.000398662398964976,0.00312347199569752,0.0164304301864171,0.00144061016309304,0.0153201890777126,0.000508595713359554,0.0000315856718666041,404,23.4357636682843,14.9927685316193,34.8325007269541,0.496140361278942,7.03808143975552,3.54306257326056,12.4564586410256,14.1290334881634,0.350264243900603,8.71778617602141,4.02298850574713,8.08958359210997,13.8648876926899,13.868523861942,15.9106105795978,2.66395968462327,78.9672539884915,0.363072538837911,1050616.5,109.746194937925,8.0942951114893,80.7201175624748,2.04444444444444
"Eugene OR",54.297,65.261,57.358,53.716,0.000362364591947404,0.00495774892153019,0.0215583196536744,0.00217656111888059,0.00794622825931127,0.000461579700746977,0.0000251598122793176,484,5.56784752367818,20.397089781942,36.8615867403811,3.15064961355698,-1.20279602791979,4.251854546795,6.3811774319326,6.57151668365774,0.290245354877815,8.26674701633732,3.87197348463569,11.3644031192127,13.3438086875229,6.04377507755159,83.8637399940219,0.801279611244359,7.44479232361471,1.03183081051929,623939.5,150.040401265935,2.19893114636916,80.0813501715384,2.16944444444444
"Flint-Saginaw-Bay City MI",43.63,25.395,49.7,83.224,0.000711704712009269,0.00560596213585905,0.012077390821473,0.00105128270415819,0.0141229341549127,0.000663005223205578,0.0000706183788574671,832,2.17140335530768,13.9787837118254,24.4554118300091,-1.81080914454307,1.81240012742686,4.66299684413794,8.51790628859114,8.38396203440094,0.328687261399782,7.14403604614699,4.59784217346962,10.1866675469145,13.9563076165956,7.02854695702103,81.0844160525925,10.9441873676914,4.17723905068751,0.514293457818902,1151191,193.459665595795,3.39213909768231,80.3433160225391,2.1034188034188
"Florence-Myrtle Beach SC",56.473,76.573,54.475,88.733,0.000509936675558333,0.0112646249090918,0.0299604554162468,0.00305098361319267,0.0216381496568755,0.00118048535762467,0.000107762148828808,880,4.38673731684484,12.6571656141549,32.4193677688301,-0.929053839359863,5.59250306301163,4.36398030484052,11.0893527884579,11.1983528873939,0.594411701887408,6.36685596363016,5.59187008477173,8.98087376582,13.5585361421312,11.4950710380818,56.340737120307,28.2548345720389,4.9579900386352,7.6011006118533,773388,169.04675594412,5.19661541166918,80.2969556015604,1.98055555555556
"Fresno-Visalia CA",83.131,76.513,76.836,68.085,0.000278477520851766,0.00736373210393159,0.0183547540144122,0.00478057204522499,0.0116353880893535,0.00103942489909957,0.0000653726351634947,342,21.9043733511169,14.5797668096009,45.4056134453949,2.23460082535696,10.8094257460737,5.11631443284881,12.1083603562081,14.8370397195108,0.588615886466201,8.01951651479591,4.60943221985161,7.04249813774662,14.5148122605401,16.5329836255874,31.2195411626325,3.63190344408792,55.4863301408753,0.58563458489018,2012347,116.136709262037,5.77335817331703,82.1295811520718,2.21296296296296
"Ft. Myers-Naples FL",48.974,64.808,45.665,49.876,0.000235759816049131,0.00417190705027551,0.0119829254131924,0.000972145414326047,0.00820150034544405,0.000574080513738869,0.0000387571367514166,420,17.8406011054664,16.0037326043681,30.3453233169502,0.112044522135204,-1.20194821298485,3.4708780691504,6.08925626483247,6.48938095812719,0.487873780281669,5.32328633002546,6.17478496590408,10.8092042839214,14.0827295575737,10.0474498526976,67.7754374576341,7.6590729806063,21.6130500299887,0.262721455930045,1306326.5,161.455136733853,3.53051094041191,79.8199787874462,1.80185185185185
"Ft. Smith-Fayetteville-Springdale-Rogers AR",40.961,51.703,48.87,62.171,0.000595163106127415,0.00540279518660065,0.0177402569223166,0.00144063508016147,0.0142277782334339,0.00027276339335625,0.0000306090636391978,1188,8.72071044493916,16.41794665037,33.4013480279781,0.840360963283623,-0.998715644305415,2.61340893238622,7.62136251361521,8.45348604431582,0.423060954598178,7.33842861799623,4.30008390912952,9.5809020890115,13.6472818291312,10.0750094212874,74.694333206533,2.72906743748673,12.9978270399528,2.43444884137392,845160.5,151.928268622876,3.65670189271742,81.7403809669682,2.17676767676768
"Grand Rapids-Kalamazoo-Battle Creek MI",42.628,27.1,45.501,59.083,0.000726400080268738,0.00446381908736572,0.0148517873230456,0.00101037144951665,0.01519524490554,0.000525539986806673,0.00003120202482787,532,5.09469156339512,15.1525449588062,23.8209817605544,-1.42882757922695,-1.42359290877368,3.62165700392744,7.63175915858147,6.58096614670458,0.338632668994513,7.44849546720739,4.29566412886992,8.97977715000049,14.5244621876692,6.3791796678905,80.6518411701594,6.8535725886626,7.6442766726054,0.348424596182808,2031860,148.968883459764,3.26498872953845,81.5784493556142,2.17142857142857
"Green Bay-Appleton WI",39.703,42.024,37.335,53.542,0.000277699292104932,0.00258510591409437,0.0118278077351073,0.000530806567073038,0.00531854325549642,0.00015032303432933,0.0000153267149056978,1104,3.44947510389213,12.0532549922136,24.2480525196604,-2.66329644445699,-5.43011280864322,2.50671255419979,5.87506574833213,4.45263365947386,0.214445646845316,6.50194173555983,3.24407870712423,8.85420809536688,13.9390211597534,5.68525500635461,88.4565279258163,1.3396384500761,4.69414792542746,1.66859337741789,1131462,117.044528062905,4.52379311015306,81.3894229187386,2.19791666666667
"Greensboro-High Point-Winston Salem NC",51.16,41.008,47.298,58.282,0.000202764369086411,0.00823357029283631,0.0196195694799963,0.00157136815592268,0.0141564066410456,0.000866260632874388,0.0000520280001996449,690,7.41322783385176,12.7630439677005,31.6286463799706,-1.02732685425209,2.03847153644255,3.85589665411769,8.9642515262809,8.49184556704634,0.512446694959862,6.60946448633409,5.31015369110607,9.06091049308388,14.3952303283441,10.4314497927235,66.2099322445112,20.071009410049,9.15320760465473,0.343173878125249,1785538,180.225215038393,4.12228695216792,81.0519991787351,2.2637037037037
"Greenville-Spartanburg SC-Asheville NC-Anderson SC",56.558,55.938,53.577,60.753,0.00036325517107396,0.00737535138789696,0.020099796846345,0.00223892238903912,0.0135847843376442,0.00058665468163634,0.0000519124502685325,980,5.11288804226241,14.0277762395756,28.6859224967605,-1.02454038919456,0.321778388372139,3.47632706854352,7.83063842473709,7.76909944395537,0.389271192471905,6.61772230405458,5.52838523849344,9.25905662675955,14.6296910418887,10.0764621842225,76.7286722115779,13.4844118591696,6.00334466680695,0.578272955821603,2257325,204.850220238015,3.69353105999358,80.6581149158305,2.16111111111111
"Harlingen-Weslaco-Brownsville-McAllen TX",31.464,58.282,51.62,51.763,0.000391606363472597,0.00582513531311691,0.02418728038014,0.00134973012124922,0.0147778891527504,0.000511876384245151,0.0000293760833832278,388,26.5085898340201,10.0027959405642,30.0766372555707,-2.47642381508497,14.4215424135414,3.51381516958916,15.14373764718,22.9035499846782,0.166428856026322,8.2664269003963,6.14858212162258,5.58348581078903,14.1037502249313,20.2755163307665,7.50462679440542,0.399527163724433,90.9866147156424,0.0812921592981515,1334077,44.2648844173829,6.05437317336256,80.8199798743127,1.95833333333333
"Harrisburg-Lancaster-Lebanon-York PA",42.475,51.87,41.19,55.495,0.000272841198230647,0.002301176012064,0.0110996059271016,0.000545923337116744,0.00569260849003551,0.000521395578392018,0.0000301657700622369,423,4.7109883862233,12.5583912706487,25.9659921453789,-2.13863140381884,-2.99879095193493,2.92651817303687,6.78693046058519,4.83590310142334,0.305905720075083,6.5004599930413,7.13120472780252,7.90376994238124,14.4304175095761,8.4140743001631,82.7545459288791,5.54727547054328,7.56275600038822,0.103839745615603,1849484.5,171.335403413101,3.93947610807228,81.7483429772829,2.20864197530864
"Hartford & New Haven CT",62.829,55.07,41.445,49.597,0.000207679254001784,0.00324552317545419,0.0143958036722695,0.00186333527542753,0.00931426277777786,0.000796085522163205,0.0000321813247968956,189,11.5768315514543,12.1383569553786,29.039970988768,-1.76015497879555,-0.723875795942313,4.18201144794106,8.15906988931266,4.79408122006895,0.477566399091576,7.13945924606342,2.70027425184232,9.3231859566276,14.7879899224815,6.75541587744797,70.1914885008204,9.44345475673409,13.8777451859392,0.152108551620292,2644493,212.318603210101,4.60088190817673,82.2032515830683,2.18095238095238
"Houston TX",67.516,70.9,64.486,54.909,0.000355502838118717,0.00656327344143406,0.0209089029823213,0.00338745099236445,0.015415405945041,0.00202339021896764,0.0000638182567591471,209,22.2412584655742,15.4648277452303,35.0469509847953,0.73474152475103,1.77753671372188,3.3120086750673,9.67868720248716,8.47917160261665,0.690020096487933,7.0785058451141,4.66595583270549,7.69832360539189,15.7451262417778,11.107481011311,38.3326414363114,16.7198403685393,36.0844552882786,0.201927931483463,6886863,104.941715452498,4.49696763243294,83.6332833618335,2.18070175438597
"Huntsville-Decatur (Florence) AL",44.129,71.568,55.633,61.49,0.000335159829768719,0.00596654423119133,0.0175386390432551,0.00194977361415149,0.0169642735743324,0.000607483261432437,0.0000384593719468018,913,4.7298592494928,13.3737794405982,27.1057842474251,-1.58727356733488,0.515748703125112,3.41051177137408,7.89613003270342,8.02666836879646,0.40835649567133,6.65799037661586,3.88666772783026,10.0938012367362,13.8428387188344,10.5143499350495,75.392014245333,13.714198140517,6.49729251098321,0.782179711103867,1027705,134.175841620244,3.43872998574494,81.2915375137729,2.23838383838384
"Indianapolis IN",54.862,49.047,58.3,61.046,0.000342782868903456,0.00601701514427417,0.0180531052197163,0.00246206327411297,0.0103836603697036,0.00140216559814649,0.00005794867127782,800,5.73409083965876,15.755105221226,30.0396499708401,-0.0484982113813184,-0.823117713942203,3.50655609573249,8.39673060747331,6.57308997334018,0.371939169381672,7.20296933692109,4.50557341280236,10.1250565091892,14.8847774516179,7.3197979022004,78.2301888307978,11.025719447365,5.70838066031567,0.186870782835486,2913243,211.364898314315,4.05355818241046,82.0275476757505,2.21041666666667
"Jackson MS",55.153,86.709,53.566,79.388,0.000210418411272131,0.00586263951697115,0.0126342865706379,0.00169034301917518,0.00707497749069541,0.000985304706081551,0.0000965191985211903,2136,2.32752859438252,12.053939117509,29.7333998357129,-1.67040456823294,5.56141389474802,3.93851592502294,13.1104134980633,11.1071318863274,0.541205092293773,7.00648507579412,6.13442940038685,8.91295954183361,13.7258626173844,10.3585659549381,46.7270547649283,48.9673536756237,2.43411834579706,0.280830360961353,914253,107.532231606325,5.65379604988991,80.8970390208032,2.02175925925926
"Jacksonville FL",66.694,65.914,58.922,60.106,0.000360008706338477,0.00626952988187667,0.0210043367978871,0.00167825141082136,0.0137021772018998,0.000990064199852872,0.0000706383565739431,765,7.66587374536027,17.4587043445848,32.3386111199775,1.08854547878132,1.01087117632736,3.99564172796614,9.20063441137295,7.54158334270917,0.521710773302488,6.65604869838821,5.54800984033994,10.891379158306,14.4298520570848,7.73844849627172,65.4218505452439,20.8120744044028,7.78078151348246,0.264520495401796,1848439,210.71273675734,5.70670711881755,82.0818864935154,2.11925925925926
"Kansas City MO",68.807,51.588,53.3,61.106,0.000416899739908616,0.0054745974940917,0.018988683925173,0.00337993345981645,0.0133977901611097,0.000988820834482816,0.0000732952905093329,990,6.2418109132646,16.0332150067988,30.6551735959602,0.180591742675941,-3.09577378979009,2.96384336268878,7.77708460046667,5.49528040064606,0.415690200717849,6.76570960725044,4.11423002250876,9.50626818233362,14.717616966275,5.82635961407658,75.186096013473,10.8293629131413,8.14043146483706,0.432734722376901,2464789.5,131.694456885083,4.34114150518736,82.4012917043814,2.24333333333333
"Knoxville TN",49.494,61.148,53.713,70.21,0.000320101543607275,0.00676189839879053,0.0199044826935372,0.00221461437888239,0.0137197758426624,0.00057148980770077,0.0000420320592770457,1386,3.50349675213876,13.7558589246814,28.5415909883168,-1.16574474850779,0.190773306517255,3.39473986136154,6.95206984901239,8.57239551433086,0.207010770539298,6.64340752530238,3.55633439851562,10.7375344699229,14.125969873271,10.5953844118056,88.8609044453234,4.27747779317716,3.74978510708723,0.251346814984625,1364051.5,300.841068940253,4.08745564225398,80.5735456818205,2.17121212121212
"Las Vegas NV",89.79,75.758,82.035,57.464,0.000559412721840333,0.00780692152451464,0.0154371937496963,0.00429083242735594,0.018329913303596,0.0021145316787353,0.0000694960221091377,156,21.6698335456648,20.1564319160704,44.9608570020477,4.51439847985935,2.6854394317519,4.65380631307348,8.96767296806524,7.093619541696,0.684535370291937,6.45758494951554,6.18363136829897,11.1037104429031,14.5771097637802,10.0018046424368,45.3209683809369,10.5982471388947,30.1007821595804,0.471541629225589,2141698.5,214.449106898515,3.84461211510397,82.9629951770749,2.17777777777778
"Lexington KY",44.175,76.19,57.03,68.115,0.000365412632081849,0.00555848981489706,0.0157136055564671,0.00165662611639596,0.00756524097203053,0.000662697485300981,0.0000518994126664201,2535,3.71584480529963,17.0132706779173,32.1885129904332,0.872858218599133,2.47862641049107,3.68206618331815,8.40525867981873,10.1957321500767,0.233327157661869,7.34107649326058,4.02624324151048,10.953739391647,14.0568825570275,11.4508350193186,87.2889867159677,5.78344996777284,3.48332219817132,0.194855515872221,1272994.5,290.19653904405,4.21918555029107,81.0358874064054,2.09316239316239
"Little Rock-Pine Bluff AR",52.805,59.816,59.486,75.122,0.000527991531311754,0.00926382650422958,0.0238897673145157,0.00257597944038789,0.0211652816935513,0.000916929766234969,0.0000808975088841699,2016,3.41548489641945,14.6686259279574,30.8394136602796,-0.363620407203814,0.28333004965247,3.13823028767111,9.12234368527798,8.47479917442101,0.439431111435321,6.88211854752753,4.98683883134061,10.9225935012377,14.1841616012831,8.81207622444032,72.0881003580759,19.5812926282852,4.9277796183798,0.384047951871062,1445783,148.879945118551,5.05470046334754,80.7578357931026,2.13672839506173
"Los Angeles CA",86.064,66.305,69.281,49.668,0.000282725200784031,0.00454831762425085,0.0144626251020977,0.00376964666623212,0.00876550171427781,0.00153328309182882,0.000048179496294437,10,31.2440056081684,12.4093063900023,46.3847799225439,1.49315620854552,3.49503584364961,4.26291975313196,8.55993824561295,8.14023385646183,0.671536855882985,7.30702452665346,3.43210458603585,7.07272359434166,16.5961057055699,13.4015706368376,31.1292778543876,6.38151739854694,45.6590295373745,0.231439558642877,16128617,88.694993183076,3.0130295734594,82.6691660268908,2.18
"Louisville KY",59.713,68.825,53.713,58.128,0.00025845329639162,0.00601913991202818,0.0185691538145971,0.00251343962888475,0.00932368686242296,0.00100783566945151,0.0000600586379206677,1400,4.59707359685521,13.9437450290595,28.9313513485332,-1.01569428718672,-0.0915041499591927,3.58518852355031,8.59397982749928,6.94456546753267,0.344566736754632,6.47443090153816,4.70581491989797,10.7416049396304,14.3614811001051,8.20659185081473,79.9903318285588,11.6287711806233,4.23569020838414,0.161560995503055,1726283,241.340301003756,3.82150551213214,81.521238990705,2.23849206349206
"Madison WI",47.72,53.265,38.369,50.481,0.000300986281998273,0.00333961911499644,0.016169146898188,0.000823941206080902,0.00539747421262818,0.000418064251630525,0.0000214776138830497,946,5.87170771692253,16.4102983938702,30.6618071411173,0.341389628725424,-5.64836257490454,2.57313292844025,6.07726744329846,4.27864757240731,0.272004490441063,7.70383374924323,3.10168347643508,8.68862549613553,13.8048509456305,4.69225194739826,85.0006620193916,3.5792002603606,5.57107005580167,0.326916293459552,989397,161.381063501866,4.2743206215503,82.2271968476917,2.25050505050505
"Memphis TN",68.477,66.611,57.587,65.028,0.000450666850291527,0.00981215873440316,0.0238031941615868,0.0026959630485335,0.0293759764560063,0.00201733700904576,0.00011842731737744,1204,4.19447320583798,14.9399658376484,36.7346373604273,0.817993631703217,5.21160871616522,4.42661372479061,12.3087278829418,9.93514919461123,0.572458355232947,7.1077103507946,4.53219070860705,9.32863961730423,14.435898587072,9.67932398013712,49.9069313868017,41.9590627158505,4.64576792562254,0.158900911166325,1859649.5,155.375966286658,5.5857299991208,81.3786325577305,2.03571428571429
"Miami-Ft. Lauderdale FL",64.991,62.026,62.037,46.074,0.000282143796914668,0.00623877470384892,0.0222535988576122,0.00241423279430052,0.00984460009459784,0.00137977385050098,0.0000469300377653596,34,32.4344633755344,15.8814688835909,36.3585169352187,1.1484162640964,1.67792481861128,4.53798092732654,9.15130941518101,6.65397845307218,0.692528499545409,6.10967814863532,3.75906042449917,11.1367046201907,14.4814098640311,8.05481338375534,39.8738336484709,26.2818819878329,27.9799510851694,0.178318193028609,1946240,179.988685823834,5.39758714238737,81.9168778427124,1.85555555555556
"Milwaukee WI",63.517,46.491,44.391,45.247,0.000305624378862647,0.00438315978724236,0.01682947838495,0.00274400581521498,0.00824320968257375,0.00156466624367925,0.0000582929006708474,310,6.45282312625173,14.0549029056247,32.6359719225482,-0.298277114414331,-1.65127746359904,3.36828314944166,8.37069068116,6.02354966629731,0.455629817824481,6.79417541308402,3.36435698229286,8.47365964156719,14.6589230228258,6.37077638929821,71.9119643245127,12.7107045822694,10.128017863558,0.326982276269907,2324285,198.86541401468,4.09911004889676,81.8705776512744,2.16888888888889
"Minneapolis-St. Paul MN",47.484,56.571,44.525,47.1,0.00038599462021026,0.00365621768238148,0.0169766297073803,0.00165494987836421,0.00637043251605853,0.000672776946154717,0.000021380187740662,798,8.52673913809572,14.1706283258027,24.651727297034,-1.69408814243368,-4.91455182173028,2.82435321938397,6.58728847326063,4.21124793661092,0.35154314229588,6.55400477910102,3.16540134990176,8.08196784382537,15.3501334329483,4.79570814183323,79.9427339850381,6.4103601719597,5.23123290050997,0.806819503206705,4639575.5,107.078945949808,3.31064770904148,82.656298917767,2.27914230019493
"Mobile AL-Pensacola (Ft. Walton Beach) FL",50.891,71.758,53.421,64.523,0.000356791609047982,0.00654628321120595,0.02011848150334,0.00175579398318711,0.0171521947284321,0.000842744589954083,0.0000615254821901639,682,4.14676725173302,15.3658336700927,30.2118333931493,-0.182096773064807,0.520402235845205,3.77402412798173,8.66001687242488,7.71706299289701,0.483994652522062,7.11857413744867,5.53805405622329,10.5415443264766,14.1629594726801,8.07533565249828,68.341490915976,21.5523027273267,4.54497927163902,0.705781616049149,1415452,156.414880721808,5.11532711812198,80.9570083076031,2.12525252525253
"Monterey-Salinas CA",61.88,58.816,61.153,40.972,0.00033225565753539,0.00516289322608035,0.015726680273702,0.00415404900318052,0.00872082490770093,0.00106345439814073,0.0000670812489137038,360,24.9098410697497,13.7584835103108,45.536490137569,1.9106820960754,1.98061657479723,3.64802481068273,7.85362350098312,6.90212600222379,0.589962708349786,8.18623307748196,3.72908499110885,7.30963114943241,13.5389438140599,14.509423338867,40.951669539006,1.80258523727457,48.9409045297693,0.249346306549593,758383,135.353712626147,4.62167532763788,82.4692624315347,2.31481481481481
"Nashville TN",55.985,65.156,47.961,64.917,0.000398550476049595,0.00530670228272255,0.0184417333752275,0.00165476577104107,0.0190026496152919,0.000931950748141568,0.0000543135033607019,1410,6.2190781987779,15.845349842691,30.8920609454641,0.143945329222701,-0.667119402979737,3.22853614584704,8.15180338345972,7.28228021782646,0.396034260872708,6.92574670556803,3.33998268131159,9.70668719554403,14.8388323293939,8.6071595178589,76.376624394143,12.6934914976952,6.4171610201472,0.233339874397198,2782422,197.524302997812,4.26678627469162,82.089579035873,2.24775413711584
"New Orleans LA",60.654,64.523,56.97,62.703,0.000407298208618488,0.00642702766481037,0.0222217990718548,0.00269075693668256,0.0142210355602977,0.00124680424793623,0.000152219076271825,588,6.01922250146434,12.9687540575867,32.0426576796231,-0.865344199891652,3.23055786156743,3.87410444552807,10.4473485379333,9.03654100428353,0.570175992643235,6.41841689918141,5.57683309359999,9.79683933832122,14.3652866660673,10.6787314649439,57.5811733747291,30.4196518482398,7.19721386259172,0.730437743274866,1732865,257.901930779566,5.07367856122664,81.4432342108847,2.07142857142857
"New York NY",48.576,47.746,46.462,48.894,0.000155195922933734,0.00198718314894723,0.0109445274082508,0.000984795593384057,0.0050154850382155,0.00120121346923204,0.0000319472132661066,29,27.9848763171814,9.59974143329298,42.8762030357552,-0.33086493004871,0.658348591458031,3.87426373832393,8.29006144421871,6.73712593040202,0.67402123694817,6.51881336242806,3.35345496903505,6.57691829336359,16.8703844247795,9.55280835236821,48.7460593955966,15.3201410146208,23.3765058609915,0.143683517065219,21218509,136.714119168558,5.56924145801197,82.3409787494336,1.85555555555556
"Norfolk-Portsmouth-Newport News VA",56.888,50.695,50.168,59.599,0.000302650940704815,0.00468074053497633,0.0217369588465626,0.00156758067772122,0.016138411737914,0.000931205590340863,0.0000770052436556438,1025,6.16530037254963,16.6135753603365,34.9316574132619,1.20007673973465,-0.325527013732965,3.47310457240435,9.99209389591847,6.15968109038988,0.586810169218812,7.73339111647005,2.63384609255561,8.92660591944323,14.4641307117575,6.79329990937841,56.0725746438848,30.6360841225585,6.16877677055172,0.256338610575203,1912899.5,138.636507821765,5.36593793871555,82.2132942542678,2.20355555555556
"Oklahoma City OK",62.978,72.132,59.184,63.722,0.000493117086748297,0.00793132531351845,0.0205630603370389,0.00311169592278549,0.0106621719428984,0.000793708396650415,0.0000581053274232606,1575,6.85862138852693,17.6316670088359,32.5151590587254,1.19369780973406,-2.01282913628866,2.56437621856698,8.31197348170616,7.21631670226837,0.514848192910923,7.5579608749472,5.61383312948174,10.094078562921,14.4584588450615,7.86838411938927,68.0638385178756,7.94238203903568,11.3893181702877,4.47341739742351,1902080.5,188.053363215525,4.49402640950265,81.6769475491212,2.22444444444444
"Omaha NE",62.869,56.667,46.559,50.818,0.000410117115183153,0.00408394884243466,0.0177508081438212,0.0034815159389864,0.0102498835319582,0.000675323283622906,0.0000380108545779508,1950,6.95011385539369,15.0080218814797,28.8740819094955,-0.575610872579704,-4.0805653024743,2.51172301162454,7.48864351702196,5.11050240740426,0.365280876428257,6.61737727627802,3.1661626344086,8.5012469876452,13.9374825853088,6.09087629926818,78.7450015379883,6.24520623427435,10.1300983206053,0.38243905029775,1129722.5,93.7674470231013,3.78942616438993,82.3245531898184,2.32311111111111
"Orlando-Daytona Beach-Melbourne FL",59.994,69.297,57.389,55.275,0.000368957876861837,0.00622507717493153,0.0189845598458,0.00178826553448692,0.0127742906772395,0.000877771907855342,0.0000476042620920727,180,13.624012060716,15.8189069752037,32.5451691642914,0.431892188350138,-0.385729463179845,3.82231461554974,7.73460055155772,6.95611103330891,0.582931770391397,6.43159742230585,4.10787112561175,10.5333166321437,15.2057177539516,7.66268344953609,59.3594936053203,13.2417482260797,21.4873588097862,0.214384505546007,4015682,181.51297122105,3.92760183699805,81.0807736368976,1.92469135802469
"Peoria-Bloomington IL",39.512,68.22,36.734,61.794,0.000436213659316979,0.00448178551691089,0.014320537936665,0.000854219873716834,0.00213486116746749,0.000633435478629356,0.0000377919234834422,1170,4.00227632389283,14.1458718242553,25.8179564536121,-1.49353085876804,-3.20987176873825,3.18755505663525,7.33330960797805,5.41056727324492,0.295481490588993,7.36523305035197,3.59610813201393,8.84149145988759,13.3713851796254,5.28668428478995,83.4326496566025,7.95154236534999,3.69894836954403,0.162694793298877,641385,158.226824096985,4.20340357195756,81.6649568950722,2.22888888888889
"Philadelphia PA",55.265,52.94,47.588,56.755,0.00029076336469859,0.00405416992307089,0.0167787393067089,0.00155519941286109,0.0102714691011296,0.00157080236036514,0.0000698353798833782,72,10.8480750700175,11.8586082520401,28.2961292548082,-2.01315842546335,0.221294919308008,4.18196971444154,8.64829133348245,5.8424845530294,0.553791820808724,6.83505545720582,3.4115470030666,7.53717892057032,15.9051830841797,7.417237339816,63.1166771505226,18.0222185158918,11.2060129656676,0.14319619195998,8082268,265.8879795465,5.0444998854282,82.0911622007137,2.06481481481481
"Phoenix AZ",60.777,65.466,60.84,51.299,0.000383911255984504,0.00608723682632266,0.020502478049037,0.00259893038862328,0.0117272649326373,0.000983089905103844,0.0000528225739594457,160,13.0557041856416,17.8720114357517,35.7826885282964,1.88669822654364,-0.0210382064910548,3.54259576066445,8.13269688697196,7.55939183014998,0.578835667002973,6.94336753915178,5.91674017191581,9.87701663577719,15.4913433299731,8.64434763681906,58.0514867094759,4.4119554360526,28.2662326980076,3.54644173959522,5343243,186.446534887791,4.4610548313075,81.9829341896641,2.11555555555556
"Pittsburgh PA",42.954,51.197,38.959,59.735,0.000204398519173179,0.00308138572326864,0.0119340671941753,0.000703662630794576,0.00701366546263216,0.000661836295618064,0.0000430012322320318,336,3.41332219779535,12.2527044587842,25.0733780242425,-2.42953408897966,-4.0596298921374,3.17805562314563,6.07812019054444,5.0221506021991,0.236187345039973,6.64505437252271,3.018923928087,8.30181983167062,14.8534499111489,5.39319180857925,87.06253433369,7.2031771701637,1.57866793606133,0.0866333521404919,2823393,297.681540074104,4.01343348233845,80.2918345900403,2.04583333333333
"Portland-Auburn ME",32.705,41.451,34.855,58.033,0.00037093788463814,0.00412909149613902,0.0196746286244503,0.00313014507267722,0.00719583829093699,0.000572813694931589,0.000023272785550614,621,11.3678104559065,16.7291017905984,34.9838689264064,1.25842031910732,-1.70562075799072,3.86163578256359,6.74261175321866,5.80672948449536,0.418340648947202,6.24697329221684,4.61574747923022,10.1744217330313,15.0090564403856,6.70572177554731,74.9681205726702,2.15832779463177,12.9147262264656,0.82579577310548,3298757.5,136.161205827447,3.04584377602779,82.2748111898872,2.24609053497942
"Portland OR",65.092,51.489,50.98,44.787,0.000361371676103129,0.00368587471245929,0.014581919351075,0.000625077952894436,0.00885651565934231,0.000250031181157774,0.0000169726364245968,836,3.78389992600275,13.505602003247,24.1033732503466,-2.07478272241974,-4.74993500175511,2.86932608287491,6.11430693265622,4.56040463226555,0.126723295848119,5.97389714483078,3.45562872373785,11.689406345289,13.811485468148,5.38026251452083,93.4160522820169,1.39836724120793,1.64566061870534,0.279623246581518,995983,189.963866119089,3.96241702920632,80.9695537132143,2.10606060606061
"Providence RI-New Bedford MA",48.238,26.91,46.609,56.521,0.000382833456008621,0.00439553645372689,0.0143258974900358,0.00161344022416036,0.0112377570732531,0.000707425775783373,0.0000233088199152536,288,13.0251645806084,12.1711607296627,33.4486134578297,-0.94850410059964,0.83815604901391,4.02807063273738,8.69179508571456,5.86058443310533,0.392638979053287,7.15192927416965,3.53101243953006,9.19187546643455,14.2925472099241,9.63322922436491,76.8134587605913,4.83441088442974,11.9077076322269,0.242817489686075,1611292.5,262.60959396199,4.86969311903332,81.6843910101818,2.04444444444444
"Raleigh-Durham (Fayetteville) NC",44.129,45.938,45.905,56.712,0.000167309316141819,0.00701352515465374,0.0160991217762521,0.00127053034825009,0.00877074122063659,0.000822079378695676,0.0000543488861352407,638,9.4759556631703,16.3686294576886,33.9719425494146,0.922739925133926,0.671151988565045,3.71284340249723,9.447479352234,7.32244933254622,0.601281184518409,7.07398678959143,4.25295923618875,8.32578670654755,14.9448284021043,7.96160909868628,56.3128617309815,26.3644417061265,10.4148460075987,0.673628365899257,3093545.5,123.248230622185,4.75926408711299,82.4932850916377,2.17121212121212
"Reno NV",63.514,77.192,62.875,52.901,0.000383904929800041,0.00475983115487537,0.0142742960689428,0.00238307615589378,0.0136789835579685,0.000694905849879547,0.0000391911728555475,1596,12.3394394220136,19.0699978926699,37.2275712069645,2.65519544908804,-0.411129832280272,4.18379019168246,6.89289963939578,5.55639323117728,0.500261386810139,6.70441066294912,4.93430228290391,11.6990648106187,13.4722149953103,8.69044590117256,67.11169624564,2.13136348483321,21.6808318244897,1.92894703271718,709428.5,236.332584654643,6.3931742240409,81.8466069815534,2.2547619047619
"Richmond-Petersburg VA",52.166,42.06,40.114,62.354,0.000228593480765977,0.00342127075991124,0.0158655077782345,0.00143569308318135,0.0120228968752146,0.000691241481042109,0.0000672127845437481,1711,6.98366598297786,14.3529870250721,29.2110268520731,-0.791877156108016,-1.25515661586167,3.3442912451334,8.3494890323086,5.23994826446296,0.554713832551307,6.76687494512007,3.05089806754818,8.86551854058386,14.1726649369557,8.35063545276862,60.0259645487007,28.4688577592615,5.38699666574894,0.270280387040395,1429256.5,152.771141600934,6.54606083652584,82.4213417795887,2.33486590038314
"Roanoke-Lynchburg VA",22.93,25.852,31.054,54.108,0.000298569760734484,0.00276198054718886,0.0105710516131598,0.000761623224666356,0.00899746281785214,0.00014069424137629,0.0000432535669474504,1675,3.15400522498878,12.067912859278,24.0140172678922,-2.6994425246306,-2.46028066230028,2.77262662441255,6.25535294623197,6.15799970957025,0.285347788570307,7.10795191474968,2.52965448884388,9.29606590490904,13.6336121116465,9.95266803088933,83.8664677108648,10.2200348812383,2.50370043397634,0.168048881713259,833686,163.545179217622,5.4918758381453,80.2281561731413,2.35511111111111
"Rochester NY",43.381,61.515,38.285,53.779,0.000340326940307013,0.00413883603091418,0.0164989217476369,0.00101692369354837,0.0112829655751799,0.000868791368546431,0.0000416091435196542,385,6.98527406796814,14.1994991455359,28.0268081169503,-1.07113024919416,-1.34886359532447,3.32254052611436,8.80466395028589,6.06402691000041,0.392479311695699,7.29023642666546,3.86164905981916,8.57065363486271,13.8509061762996,6.67109382503104,76.7807769952497,11.0803794679592,7.01234858659913,0.170748033719117,1036029.5,140.689876836519,3.86378959286391,81.3181311218612,2.09777777777778
"Sacramento-Stockton-Modesto CA",95.372,63.85,75.512,54.803,0.000287568326727418,0.0065820841388393,0.0173500162947055,0.00423469237652004,0.00944390923900147,0.00138527147183844,0.0000545466544851106,304,18.7356273827744,15.8586057128653,39.2034065997977,1.65353729551495,2.55967231608628,4.70954637131997,8.55612776432156,7.64098081037469,0.666026707852451,7.13233500704909,3.10827893482541,8.78491923563654,15.2955501249553,9.48235075326314,49.0765957994086,6.44133399967836,27.4976130287373,0.449634934811129,4393119.5,157.102453246846,4.77678788387159,82.6017136999273,2.25555555555556
"Salt Lake City UT",55.525,45.846,53.399,49.716,0.000445722697740281,0.00378400588794107,0.0195322681971353,0.00226544144961057,0.00916971496321245,0.000380953198878176,0.000023200124362209,1440,8.23220845405731,16.7212229080194,26.7538743635039,-0.23417497436245,-4.79465908389178,2.54959237507095,6.25524052513056,6.05255697698561,0.354780468187063,8.1335562108107,4.1471818219274,6.90534052985148,14.9659507730787,4.94340472407202,79.1021506473875,1.04553337488944,13.7027079676799,1.01943816328956,3159583.5,202.378606896341,3.27464047080889,83.5311355126806,2.41138888888889
"San Antonio TX",65.901,63.603,66.689,68.032,0.000512762836978758,0.00693444140984453,0.0281271262066031,0.00301145424479633,0.0146561952514003,0.000873151020798601,0.0000542999740327111,925,12.1827820458096,16.2292258133996,33.1465897046003,0.714386533728362,1.59604033145239,3.08492809816583,10.1447421120555,8.54901873525878,0.566430389517597,7.55473664426253,4.9192357143085,8.91729445960098,14.8009151406738,10.8700768656336,34.3801951214596,5.78990483204739,55.8205424586364,0.195826974213813,2678895.5,109.267198133584,5.25739059250351,82.1982884712579,2.15555555555556
"San Diego CA",82.055,57.812,66.264,39.861,0.000277017373100429,0.00346239429968415,0.0124816175034883,0.00328106768749931,0.00861730355858319,0.000916595723693051,0.000025921372574499,26,23.3618793405235,15.3799012065455,44.748951258121,2.4544248127096,-0.375613378454459,3.88172973478647,7.24019814430964,6.22933261871253,0.658542564770746,7.94731241429736,2.52551123184861,8.31501830374618,14.9940449316467,8.91490604405208,46.4918691731433,4.71878454262791,33.1927574033545,0.370721637809853,3249608,132.971033884019,4.14480761987292,83.0938549270948,2.17777777777778
"San Francisco-Oakland-San Jose CA",74.197,62.053,56.672,36.816,0.000307575435031663,0.00485923606466497,0.0192630545526889,0.00493645062724413,0.00799234863458574,0.00176870204462879,0.0000413776164263023,50,30.8987960276493,13.9587189789322,41.5478522153229,1.27366522595461,-2.62662398950273,3.59581125131803,5.90365728629038,4.19962327605105,0.710772567888105,6.06960572834469,2.54688723746435,7.56996754029896,15.797222119483,8.39101879354665,40.9901518231877,5.4477784746008,23.4567238444415,0.308408509817164,7255150,118.610150618526,2.5689337918582,83.2360464876948,2.09333333333333
"Santa Barbara-Santa Maria-San Luis Obispo CA",50.503,50.545,55.3,42.887,0.000389266278328871,0.00445239844432761,0.0144781986511471,0.00195148446938967,0.0100983611123684,0.000531881186739877,0.0000227013965537052,238,18.1772179464003,19.504611117354,44.1288781650175,4.08796964038411,-1.61033371961687,3.40524019478856,6.48630130084741,5.23301391533912,0.568030439276998,9.95098179493318,2.50170234183024,7.90607880184235,13.4819471864896,9.96214926298201,54.8987843513062,1.78847000801964,35.8059038215774,0.430854876658805,716366.5,140.601806308487,4.84249333267259,81.886359829316,2.23333333333333
"Savannah GA",55.254,65.224,51.393,60.913,0.000241973725173835,0.0061626954133997,0.0188908102578197,0.00173877526091172,0.0124700236756763,0.000887519754471954,0.0000725284960643748,1960,5.86564507555947,17.7984697437252,35.5191271382418,1.80787948286759,1.7317092805048,3.73440690585931,10.1154148637629,8.46791629302664,0.562441042864072,8.01190246666745,5.55086671427644,9.25588812064802,13.7523545473851,8.46056176148837,58.7330913924949,29.3429783009532,7.92008282940827,0.233969644129668,938797,117.426361972349,6.660119280313,81.4974955684825,2.14611111111111
"Seattle-Tacoma WA",79.44,65.218,63.25,48.425,0.000362055309658034,0.00709164633174641,0.0232041208987249,0.00396678553694654,0.00918170706389396,0.000863340177308891,0.000026910569571461,204,15.1859882071479,17.466133967985,34.5522940209663,1.49226752197603,-3.73769005789154,3.4359708509528,6.09233731582877,4.49516916431647,0.507069771339996,6.49970006934678,4.03626966533328,9.6127676851828,15.4501974160117,5.60687983974576,68.5998542859661,4.44851957505794,9.94665992700257,0.992598850356836,5127852,153.675148788572,3.28158847018206,82.9611242893506,2.2516339869281
"Shreveport LA",46.116,77.808,51.27,83.701,0.000388531664303556,0.00758145397117608,0.0209587009034926,0.00178507410419828,0.0165979905322307,0.000734512655401661,0.0000693527064429056,2025,3.73355845698092,12.1289152323514,32.0806137616215,-1.21393087738957,3.19242280882321,3.36835823903646,11.0315872817436,10.7015981164312,0.555874197788808,6.85334541281752,6.55419583666041,9.80750051003547,13.8276214244657,10.2424508575265,58.977340593538,30.2007193352595,7.0068747347939,1.03380361979461,1012184.5,124.869737834796,5.75685559302677,80.2974778651844,2.10355555555556
"South Bend-Elkhart IN",46.173,50.718,48.434,61.892,0.000378708120398157,0.00477285052224512,0.014284922372429,0.00137424075313774,0.0109809082724672,0.00067377718011829,0.0000385108515443557,870,5.58447644035943,13.2815673330388,25.1868373354848,-1.97354509431962,0.329144810693691,3.54685879816776,8.16088422196394,7.3717820261045,0.35691593917925,6.91692348152354,8.73349932811636,9.3252905847801,13.7072252136065,9.69213976597207,79.3160357778245,8.00103413134917,8.58641042199357,0.279984376593195,897371.5,149.884418251279,2.49617911868162,81.2410360133399,2.13444444444444
"Spokane WA",69.451,65.536,53.214,68.67,0.000408371060221909,0.00720833356104693,0.023962225046338,0.00316329923795118,0.0131108382284751,0.000511788067443023,0.0000300161557544208,1896,6.09368946479965,17.5738875359752,31.9804436711313,1.07248356257849,-2.24299774576314,3.44951191332743,6.78601468198572,6.5448011942875,0.301682323858724,7.47237865286695,4.52935510538411,10.5517178160283,13.9607807801342,6.31135674950188,83.0306429184193,1.04189727695373,9.01736668419305,1.88973599734337,1156352,156.594428681559,3.78820635930928,80.8575907732997,2.33101851851852
"Springfield MO",66.002,63.216,55.914,78.564,0.000481809392133091,0.00591736692527251,0.0220311753753722,0.00230875409320814,0.0122817961074961,0.000431619085759001,0.0000415912678694382,2336,2.5801156737184,17.2738744355447,29.6593983135025,0.525500116675629,-1.61684631534683,3.07227493994406,6.37580755034528,8.12904331720088,0.177983173420521,7.40977520411973,5.74944833852544,10.4989133574262,13.9426787482902,8.62212136582342,90.5653183140661,1.72691633028298,3.69638995146212,0.621297137744715,1135608,198.772331434106,4.14623708180992,80.1766713102803,2.20659722222222
"St. Louis MO",64.09,62.453,51.067,65.191,0.000338853170270396,0.00496012095873781,0.0179431371833434,0.00234857312386899,0.00864863577495386,0.00102387773784743,0.0000930827123031305,616,4.26991145138696,13.5149428281697,26.5634811487586,-1.62565988464401,-1.27456056976855,3.59530862559863,8.23851678986876,5.94221712219825,0.392107437991574,6.45213412465848,4.01662965937544,9.31642324654807,14.9560666117327,6.62849617589218,76.0779860684368,16.6905784946976,2.76542408800362,0.17049663457735,3128507.5,234.297593270415,4.69648866112675,81.6748829162749,2.20992063492063
"Syracuse NY",39.924,65.835,39.272,63.128,0.000375013910122163,0.00357232820986697,0.0149122476400527,0.000762060883921013,0.0111821967938946,0.000509664887132349,0.0000285412336794115,560,6.09816078004574,15.1833119407493,28.1713489040978,-0.628583982373376,-2.12063926769656,3.2042782998942,7.95535850019735,5.88562637987953,0.297388779028783,8.42531602187954,3.20171667170203,8.5506890364227,13.7343531041921,6.63934706254606,83.4058078289808,6.69004938460396,3.84318178490611,0.405455895215924,922048.5,146.905343252672,5.08216216392088,81.3219104655295,2.01428571428571
"Tallahassee FL-Thomasville GA",51.287,95.908,55.557,68.46,0.000433527947547941,0.00770958986326989,0.0202414413062642,0.00171026507367028,0.0137079768606468,0.000850845486673973,0.0000534541566970422,1926,5.00557596165038,18.918344643152,37.1022728810669,2.56833604242322,3.40799572900034,4.34749068191846,9.90701765180662,9.55557405470359,0.558606002950364,9.2799836510639,4.78419574387511,9.49442809851587,13.5128989255137,9.31625446956635,58.0265426601668,31.6577252783244,6.46270195943623,0.234000914890795,738886,99.5455950830785,8.56018384432781,80.8383523006647,2.07777777777778
"Tampa-St. Petersburg (Sarasota) FL",57.954,65.147,53.307,53.369,0.000289586795627555,0.0051272742290696,0.0171657225962114,0.00140802188292673,0.0125114387104423,0.000724564603328733,0.0000421531486854674,130,12.4246307526485,15.7807147855371,32.2836804161518,0.368409892699176,-0.589643075823747,3.76494858722426,7.36325343539984,6.47130089982174,0.51090415299527,5.76174144456177,5.58064930676199,11.2376918443602,15.3545738590341,8.44103383035533,66.8242485391793,10.7047774323246,17.4296058364589,0.216041163695385,4660223,214.093186542909,3.96590463589403,80.324818286473,1.79222222222222
"Toledo OH",44.77,56.333,39.564,68.019,0.000387156379589281,0.0065279317308851,0.0119923083492676,0.00122428530635346,0.0119835788818524,0.000949802052576772,0.000039327600623086,884,2.72350211714971,15.0053413177257,28.3735448157758,-0.667320208245304,-0.401730003207003,3.89881998596622,8.34554783008286,6.89486176207934,0.325106418236617,7.19894732954631,3.05056481548292,9.82779664602634,13.9077610617301,6.42303145199494,81.4455890016728,8.45820344789696,6.53391565778909,0.187299472616115,1096639.5,191.704136894374,3.84629588848478,80.9373275807716,2.21538461538462
"Tri-Cities TN-VA",51.792,64.137,50.339,94.647,0.000429112445677805,0.00733134565209911,0.0257892531621741,0.0027264833223019,0.0232854225239503,0.00143104952402928,0.00027123145151333,180,2.89498311429385,19.890548073402,51.8319973959393,5.64523412257587,9.21432885712932,5.33629002726126,13.41409583599,10.900485555937,0.560590566205315,6.20091955893722,4.90867579908676,10.504740204256,10.8027135057837,13.4516010904504,41.0526101639744,51.925580827603,3.44122553607031,0.196321764251129,49154,194.2217052574,5.60483378768768,79.3099842773385,1.63333333333333
"Tucson (Sierra Vista) AZ",60.945,57.547,65.818,52.354,0.000427856218084427,0.00611804083273853,0.024436298169816,0.00300997943899142,0.013513672792874,0.00118742308143698,0.0000585966012960962,222,13.4826669141265,19.402300111146,34.3665203700931,2.27811755754745,0.969601914871648,4.01842451033531,8.28866673179415,8.00970399557133,0.585553679157038,7.78760352714642,5.23897817780547,10.5785287809158,13.985571847221,8.42178968303346,51.7809727280972,3.17780622628656,37.97288205656,2.19288791967116,1185377.5,214.650328006807,8.21257363160681,80.7550251169467,2.1
"Tulsa OK",73.643,78.041,56.266,59.688,0.000505555175518997,0.00810557600294312,0.0187143498181827,0.00326149505813956,0.0132498503117685,0.00088537862971319,0.0000668438134274801,1260,5.0524904095286,15.6607093209613,30.8211146738059,0.0529596137341875,-0.560310893697803,3.08347833990112,8.61476139452855,8.08567849006882,0.551847981406593,6.68100093713066,6.22689012217794,10.8062007348908,14.1500885015448,8.01108955841788,65.3824147914213,6.53325704610261,8.01652842289748,9.82813546064498,1397350.5,207.781282869974,3.61541359880717,81.1850576547328,2.22539682539683
"Waco-Temple-Bryan TX",51.212,68.885,59.903,68.978,0.000501284620850387,0.0061880207270251,0.0184371608367087,0.00123760414540502,0.0135258357036981,0.000636840539660365,0.0000426894177601008,1302,8.89305024268724,21.8492743639314,38.4603368270917,4.05457726178408,0.521597387788766,3.09019330081332,10.1371682653318,8.36460751139573,0.616082874003361,10.2024212934102,3.63492039719031,8.43154424766955,13.8456978034707,8.23467771473758,55.1529014527275,15.3958070048198,23.5155569678285,0.272595625565482,1030647.5,87.7857412424929,7.50644619038032,81.9385198065053,2.19603174603175
"Washington DC (Hagerstown MD)",44.694,45.686,41.637,45.924,0.000241933652483179,0.00252343260676075,0.0148592212206566,0.00165438782200376,0.0091076819392199,0.00110737426607134,0.0000437628426068706,272,19.7600048610875,14.2982301249654,31.4939511647208,-0.401945462839419,-3.07514004309303,3.2604781854186,7.45765945902727,3.86754148983675,0.657152245189035,6.49037152726285,3.25375308779773,7.33245115825337,15.7099346120923,6.71092532425048,51.4793453414628,22.8089535456309,13.5022120053821,0.20414461855654,6648718,129.895427808723,6.05530269143615,84.189599516564,2.22287581699346
"West Palm Beach-Ft. Pierce FL",58.42,64.906,54.549,58.124,0.000300113185962289,0.00525997597241962,0.0184529145763112,0.00164282231003203,0.00977703043072629,0.000953673512637149,0.0000636204853282629,195,20.7837215556435,14.6451288217308,30.2909621144653,-0.472810548130121,-0.327393480183006,4.06517769623366,6.84447651888425,6.06492787062707,0.575338318026804,5.74716311573007,4.80235005166435,10.6577547349611,14.5346197889398,8.98885026044965,59.9733070772541,16.1771827395835,19.5747937741522,0.141771135591668,2052604,228.551002126567,3.78982015040407,80.0890940767197,1.78444444444444
"Wichita-Hutchinson KS",63.208,58.699,61.33,88.842,0.00051551900768077,0.0062070341564868,0.0223181612965754,0.00255435076342408,0.019964637818029,0.000559813168044323,0.0000404742969927516,4290,7.5296668126579,15.4490763396007,28.774249633399,-0.407003293081461,-2.67560219142648,2.76217614497799,7.38074529576579,6.15356306492801,0.412326631123773,7.09993879970349,4.7152609291882,9.29266628186859,14.0033945324557,7.74550455438767,75.0775984125215,4.70923229469621,14.5568862349884,0.612707369352698,1206693.5,142.009039213631,4.58567150647617,81.3615406135466,2.30957264957265
"Wilkes Barre-Scranton PA",44.35,50.331,50.322,73.423,0.000307120370554553,0.00319585011220332,0.011704199050458,0.000588005874885677,0.00625461381076027,0.000342408113150855,0.0000285134813649003,901,4.21832823643958,11.4021449171348,24.90735219228,-2.81956981915284,-1.72217868423687,3.39792183942014,7.08608603560442,6.2280834468035,0.233432341251413,6.79683315346883,4.69302180799443,8.65872756201367,14.2315568210166,7.77763338777643,87.2378551884092,3.89387950573763,6.21897997039492,0.138658377947645,1515956,213.240013700486,5.89759861104148,80.2673018332829,2.14575163398693
"Yakima-Pasco-Richland-Kennewick WA",59.396,69.216,56.462,57.563,0.00038867305258868,0.00646390819209869,0.0193984330647981,0.00301057397548103,0.0111813732108252,0.000475743642938463,0.0000496148628798926,762,14.5681631012789,16.5385126970067,33.8079558286237,0.964967384093224,2.01888875403069,3.36867590582735,9.41868748635972,8.67727416850939,0.537691925053166,7.76119212907279,5.65427335577948,8.65329375040682,13.4683643567301,11.6751473747067,58.8272001494265,1.17036601000139,33.9896448573798,1.77776488534064,706702,121.03000800526,4.89315156883665,81.6979560853679,2.28703703703704
